Title,Level,Promo Code
Tailwind CSS From Scratch,Beginner,TAILWIND
React Front To Back 2022,Beginner - Intermediate,REACT
"50 Projects in 50 Days - HTML, CSS & JavaScript",Beginner,50PROJECTS
Modern HTML & CSS From The Beginning,Beginner,HTMLCSS
Modern JavaScript From The Beginning,Beginner,JS
Next.js Dev To Deployment,Intermediate,NEXT
MERN eCommerce From Scratch,Intermediate,MERNECOMM
Node.js API Masterclass,Intermediate,NODE
20 Vanilla JavaScript Projects,Beginner,20PROJECTS
Python Django Dev To Deployment,Intermediate,DJANGO
PHP MVC OOP - Build a Framework,Intermediate,PHP
Electron From Scratch,Intermediate,ELECTRON
